year,variableA,variableB,variableC,variableD,variableE,variableF
2017-01-23,45.46693,41.26452,50.88971,40.04416,46.68729,35.84175
2017-01-23,46,37,52.29238,39.70762,43.29238,30.70762
2017-01-23,45,45,51.1347,38.8653,51.1347,38.8653
2017-01-24,45,45.74659,50.98562,39.01438,51.73221,39.76097
2017-01-24,46,37,52.29238,39.70762,43.29238,30.70762
2017-01-24,45.44264,41.87849,50.82922,40.05606,47.26508,36.49191
2017-01-25,48.61617,41.35324,53.80425,43.42808,46.54132,36.16516
2017-01-25,45.59516,45.19996,51.48944,39.70088,51.09425,39.30568
2017-01-25,47.76497,42.52911,52.66397,42.86596,47.42811,37.63011
2017-01-26,44.62692,41.1728,49.31432,39.93952,45.8602,36.4854
2017-01-26,43.21775,39.85699,48.34188,38.09363,44.98112,34.73286
2017-01-26,44.37598,41.06081,48.93261,39.81936,45.61743,36.50418
2017-01-27,44.38777,41.58635,49.09824,39.6773,46.29682,36.87588
2017-01-27,44.13586,41.67268,48.70494,39.56679,46.24175,37.1036
2017-01-27,43.08089,40.57829,48.21475,37.94702,45.71215,35.44442
2017-01-28,43.87527,41.91362,48.46821,39.28233,46.50656,37.32067
2017-01-28,44.38777,41.58635,49.09824,39.6773,46.29682,36.87588
2017-01-28,42.51997,41.19157,47.66774,37.37219,46.33934,36.04379
2017-01-29,44.14589,42.2247,48.72661,39.56517,46.80542,37.64399
2017-01-29,44.74559,41.74476,49.4796,40.01159,46.47876,37.01076
2017-01-29,42.42076,41.6069,47.58598,37.25555,46.77211,36.44168
2017-01-30,44.67257,42.0221,49.38835,39.95678,46.73788,37.30631
2017-01-30,44.09903,42.45613,48.69541,39.50266,47.05251,37.85976
2017-01-30,42.51344,41.65466,47.69931,37.32757,46.84053,36.46879
2017-01-31,44.34048,43.45351,48.89616,39.78481,48.00919,38.89784
2017-01-31,43.67982,43.60509,48.68051,38.67913,48.60578,38.6044
2017-01-31,45.01149,43.20672,49.6689,40.35407,47.86413,38.5493
2017-02-01,45.86395,44.44283,50.5223,41.2056,49.10118,39.78447
2017-02-01,43.7891,44.59832,48.70733,38.87086,49.51656,39.68008
2017-02-01,44.79341,44.69287,49.32774,40.25908,49.2272,40.15854
2017-02-02,43.76831,45.22588,48.71731,38.81931,50.17488,40.27688
2017-02-02,44.81124,44.79839,49.33113,40.29136,49.31827,40.27851
2017-02-02,45.88868,44.48,50.53785,41.23951,49.12917,39.83083
2017-02-03,42.87061,48.63497,47.47776,38.26346,53.24212,44.02782
2017-02-03,46.21463,44.72782,50.90343,41.52583,49.41662,40.03902
2017-02-03,44.21341,47.06427,48.61607,39.81074,51.46694,42.66161
2017-02-04,44.23746,47.03533,48.63475,39.84016,51.43262,42.63803
2017-02-04,42.93061,48.55542,47.52776,38.33346,53.15257,43.95826
2017-02-04,46.21463,44.72782,50.90343,41.52583,49.41662,40.03902
2017-02-05,42.7303,49.04629,47.35865,38.10196,53.67463,44.41794
2017-02-05,46.77325,45.41658,51.44566,42.10085,50.08898,40.74417
2017-02-05,44.43742,47.4848,48.81641,40.05843,51.86378,43.10581
2017-02-06,42.62589,49.48686,47.259,37.99279,54.11996,44.85376
2017-02-06,44.42256,48.03367,48.81194,40.03319,52.42305,43.6443
2017-02-06,46.66296,45.71693,51.29055,42.03538,50.34452,41.08935
2017-02-07,44.65995,48.71205,49.03472,40.28518,53.08682,44.33728
2017-02-07,42.58524,49.79887,47.25029,37.92019,54.46392,45.13382
2017-02-07,46.92523,47.53691,51.52148,42.32898,52.13317,42.94066
2017-02-08,44.50491,48.8634,48.843,40.16682,53.20149,44.52531
2017-02-08,46.69795,47.94511,51.23309,42.16281,52.48025,43.40998
2017-02-08,42.46727,49.95639,47.10171,37.83284,54.59083,45.32195
2017-02-09,44.34582,49.3256,48.72214,39.96951,53.70191,44.94928
2017-02-09,42.45341,50.05256,47.12389,37.78294,54.72303,45.38208
2017-02-09,46.23419,48.68385,50.80249,41.66589,53.25216,44.11555
2017-02-10,42.33272,50.14452,47.04307,37.62237,54.85487,45.43417
2017-02-10,44.28156,49.35836,48.64907,39.91405,53.72587,44.99086
2017-02-10,46.21808,48.71865,50.77919,41.65697,53.27976,44.15754
2017-02-11,46.31055,48.61903,50.92749,41.69361,53.23597,44.00209
2017-02-11,42.17884,50.29835,46.93204,37.42564,55.05155,45.54515
2017-02-11,44.42348,49.29364,48.84508,40.00189,53.71523,44.87204
2017-02-12,41.98624,50.62114,46.78743,37.18506,55.42233,45.81996
2017-02-12,44.30565,49.4447,48.72142,39.88988,53.86047,45.02893
2017-02-12,46.31055,48.61903,50.92749,41.69361,53.23597,44.00209
2017-02-13,43.46242,50.64742,47.85374,39.07109,55.09876,46.19608
2017-02-13,45.41359,49.86423,49.90409,40.92309,54.35473,45.37373
2017-02-13,41.11952,52.40815,45.75837,36.48067,57.20925,47.60704
2017-02-14,46.16746,49.73203,50.76975,41.56517,54.36329,45.10077
2017-02-14,44.47177,50.36843,49.01568,39.92786,55.0418,45.69505
2017-02-14,41.01787,52.47426,45.69108,36.34466,57.35436,47.59416
2017-02-15,41.3626,52.01312,45.92407,36.80114,57.00552,47.02072
2017-02-15,44.49281,50.23329,49.07682,39.90881,54.94403,45.52256
2017-02-15,46.32353,49.7077,50.96176,41.6853,54.38807,45.02732
2017-02-16,46.53775,49.53732,51.25437,41.82114,54.24575,44.82889
2017-02-16,41.26061,52.20712,45.85092,36.6703,57.25517,47.15907
2017-02-16,44.57693,50.21927,49.23923,39.91463,54.96953,45.46901
2017-02-17,40.93276,52.55815,45.58841,36.27711,57.6859,47.4304
2017-02-17,46.66242,49.45398,51.43516,41.88968,54.19453,44.71342
2017-02-17,44.46416,50.34889,49.21023,39.7181,55.15873,45.53905
2017-02-18,41.14259,52.61021,45.75518,36.52999,57.82709,47.39334
2017-02-18,44.31153,50.62162,49.03962,39.58345,55.49161,45.75164
2017-02-18,46.48179,49.83215,51.23529,41.72828,54.65438,45.00993
2017-02-19,44.10547,50.62915,48.89841,39.31253,55.54121,45.7171
2017-02-19,41.1262,52.34517,45.72119,36.53122,57.59246,47.09787
2017-02-19,46.48179,49.83215,51.23529,41.72828,54.65438,45.00993
2017-02-20,41.1068,52.24264,45.60037,36.61324,57.46707,47.01821
2017-02-20,45.56286,49.19039,50.41407,40.71165,53.98789,44.39288
2017-02-20,43.83627,50.03596,48.59529,39.07725,54.89173,45.18018
2017-02-21,45.53262,49.28985,50.36337,40.70187,54.07336,44.50635
2017-02-21,43.66503,50.16118,48.39862,38.93143,54.99011,45.33226
2017-02-21,41.4049,51.92768,45.76923,37.04057,57.05551,46.79984
2017-02-22,42.54541,50.79599,47.43392,37.6569,55.63756,45.95441
2017-02-22,40.99014,51.52739,45.27751,36.70276,56.48182,46.57297
2017-02-22,44.294,50.37005,49.44938,39.13863,55.35322,45.38689
2017-02-23,42.08851,50.09972,46.23182,37.94521,54.93006,45.26939
2017-02-23,43.00062,49.79304,47.7711,38.23013,54.51702,45.06906
2017-02-23,44.84227,49.52387,49.9486,39.73595,54.37848,44.66925
2017-02-24,42.13914,50.20037,46.28004,37.99824,55.015,45.38575
2017-02-24,44.86759,49.60043,49.97301,39.76218,54.46981,44.73105
2017-02-24,43.10133,49.82072,47.88879,38.31387,54.53353,45.10792
2017-02-25,44.86759,49.60043,49.97301,39.76218,54.46981,44.73105
2017-02-25,42.99247,49.87163,47.80976,38.17517,54.60665,45.1366
2017-02-25,41.93456,50.34444,46.09764,37.77147,55.17621,45.51268
2017-02-26,44.86759,49.60043,49.97301,39.76218,54.46981,44.73105
2017-02-26,41.86868,50.54937,46.0538,37.68355,55.40913,45.68962
2017-02-26,42.94234,49.97172,47.78183,38.10285,54.73501,45.20843
2017-02-27,44.77391,49.68867,49.93987,39.60795,54.59674,44.78059
2017-02-27,42.97042,50.10254,47.81451,38.12633,54.87105,45.33402
2017-02-27,41.93449,50.65856,46.13142,37.73755,55.54948,45.76763
2017-02-28,44.69143,49.79915,49.87772,39.50513,54.73494,44.86337
2017-02-28,42.93886,50.21992,47.79404,38.08368,55.00761,45.43224
2017-02-28,41.92185,50.75521,46.14059,37.7031,55.67918,45.83124
2017-03-01,42.93229,50.10905,47.20044,38.66414,54.72215,45.49596
2017-03-01,45.15903,49.53156,50.19463,40.12343,54.37161,44.69152
2017-03-01,43.75505,49.75748,48.47799,39.03212,54.34694,45.16802
2017-03-02,42.74433,50.39036,46.98483,38.50384,54.90135,45.87937
2017-03-02,45.23322,49.77825,50.25408,40.21236,54.56505,44.99146
2017-03-02,43.71027,49.87239,48.49278,38.92776,54.40887,45.33591
2017-03-03,43.90226,49.85654,48.6751,39.12943,54.37281,45.34027
2017-03-03,42.9674,50.43211,47.17238,38.76241,54.88548,45.97874
2017-03-03,45.63852,49.62764,50.65363,40.62341,54.40191,44.85337
2017-03-04,43.90226,49.85654,48.6751,39.12943,54.37281,45.34027
2017-03-04,42.9674,50.43211,47.17238,38.76241,54.88548,45.97874
2017-03-04,45.63852,49.62764,50.65363,40.62341,54.40191,44.85337
2017-03-05,43.93693,49.72623,48.76372,39.11013,54.27249,45.17998
2017-03-05,45.63852,49.62764,50.65363,40.62341,54.40191,44.85337
2017-03-05,43.00411,50.26909,47.25905,38.74918,54.7504,45.78778
2017-03-06,43.51528,49.41735,47.50908,39.52149,53.87724,44.95747
2017-03-06,45.36596,48.83812,50.36006,40.37185,53.65353,44.02271
2017-03-06,44.08371,49.29635,48.69637,39.47105,53.78793,44.80477
2017-03-07,45.46577,48.28428,50.29033,40.64122,53.04988,43.51868
2017-03-07,43.68052,49.24304,47.77182,39.58922,53.76972,44.71636
2017-03-07,44.3455,48.89124,48.87922,39.81178,53.46196,44.32052
2017-03-08,45.37472,48.55411,50.1804,40.56905,53.31239,43.79584
2017-03-08,43.52806,49.65459,47.62445,39.43167,54.15749,45.15169
2017-03-08,44.33974,49.15517,48.90763,39.77184,53.72889,44.58145
2017-03-09,43.41724,49.70358,47.52428,39.3102,54.20479,45.20238
2017-03-09,45.35116,48.61091,50.14901,40.55331,53.3605,43.86132
2017-03-09,44.25294,49.22272,48.83014,39.67575,53.79013,44.65532
2017-03-10,45.5193,48.62363,50.33577,40.70283,53.38221,43.86504
2017-03-10,43.9422,49.21457,48.24376,39.64064,53.79547,44.63366
2017-03-10,44.51029,49.00035,49.12762,39.89296,53.60986,44.39085
2017-03-11,45.73587,48.4897,50.55025,40.92148,53.1647,43.8147
2017-03-11,44.2165,48.96644,48.54074,39.89226,53.50496,44.42792
2017-03-11,44.6835,48.83847,49.29448,40.07253,53.42355,44.2534
2017-03-12,44.32833,48.88358,48.67724,39.97943,53.44093,44.32623
2017-03-12,45.73587,48.4897,50.55025,40.92148,53.1647,43.8147
2017-03-12,44.76669,48.7696,49.39057,40.14281,53.37308,44.16611
2017-03-13,44.10419,48.99449,48.49052,39.71787,53.57737,44.41162
2017-03-13,45.58329,48.65232,50.42994,40.73663,53.42555,43.87909
2017-03-13,44.53927,48.95186,49.17732,39.90122,53.59417,44.30956
2017-03-14,45.47269,49.06578,50.2247,40.72068,53.79823,44.33332
2017-03-14,43.82244,49.54628,48.24846,39.39643,54.1033,44.98926
2017-03-14,44.29615,49.32653,48.92532,39.66698,53.95638,44.69668
2017-03-15,43.43536,49.8028,47.89869,38.97202,54.29678,45.30881
2017-03-15,44.59151,49.70044,49.29085,39.89216,54.3433,45.05758
2017-03-15,43.732,49.82358,48.34158,39.12242,54.37471,45.27245
2017-03-16,43.24698,51.14386,47.57337,38.92059,56.14853,46.13919
2017-03-16,44.63105,49.73156,49.32425,39.93784,54.35492,45.1082
2017-03-16,43.59192,50.67634,48.14231,39.04153,55.53901,45.81367
2017-03-17,44.47798,50.08054,49.07936,39.8766,54.69834,45.46274
2017-03-17,42.80822,51.36173,46.93233,38.6841,56.22272,46.50073
2017-03-17,43.36182,50.8023,47.80959,38.91404,55.57342,46.03117
2017-03-18,44.47798,50.08054,49.07936,39.8766,54.69834,45.46274
2017-03-18,41.87791,52.33651,46.41851,37.33731,57.45996,47.21305
2017-03-18,42.70947,51.48524,47.44154,37.97739,56.47866,46.49182
2017-03-19,44.47798,50.08054,49.07936,39.8766,54.69834,45.46274
2017-03-19,41.53395,52.66131,46.20824,36.85967,57.92685,47.39578
2017-03-19,42.48279,51.70201,47.31588,37.6497,56.81096,46.59307
2017-03-20,41.57674,52.50675,46.22869,36.9248,57.73434,47.27915
2017-03-20,44.52505,50.08957,49.19572,39.85439,54.74471,45.43443
2017-03-20,42.56183,51.57077,47.41304,37.71062,56.63733,46.5042
2017-03-21,44.61454,50.02016,49.35433,39.87475,54.68645,45.35387
2017-03-21,41.38521,52.85176,45.94193,36.8285,58.01113,47.6924
2017-03-21,42.41769,51.82015,47.27553,37.55984,56.87549,46.7648
2017-03-22,44.10851,50.6463,49.28387,38.93314,55.57218,45.72042
2017-03-22,41.60312,51.97084,46.0286,37.17764,57.16357,46.77811
2017-03-22,42.34076,51.67672,47.29531,37.38622,56.76546,46.58797
2017-03-23,41.48011,52.1105,45.96347,36.99674,57.37497,46.84602
2017-03-23,44.11869,50.66172,49.32698,38.9104,55.60133,45.72211
2017-03-23,42.28773,51.76073,47.29216,37.28331,56.88629,46.63516
2017-03-24,41.54422,52.38712,46.26891,36.81953,58.03065,46.74358
2017-03-24,44.35612,50.58176,49.65315,39.05909,55.89857,45.26495
2017-03-24,42.15625,52.08948,47.20598,37.10653,57.51303,46.66592
2017-03-25,44.35612,50.58176,49.65315,39.05909,55.89857,45.26495
2017-03-25,41.53386,52.38558,46.28392,36.78381,58.0583,46.71286
2017-03-25,42.14841,52.09206,47.22449,37.07233,57.54439,46.63973
2017-03-26,41.43587,52.38198,46.2299,36.64183,58.08395,46.68002
2017-03-26,44.35612,50.58176,49.65315,39.05909,55.89857,45.26495
2017-03-26,42.08798,52.08815,47.20525,36.97071,57.57109,46.60522
2017-03-27,41.03792,52.65294,46.03124,36.0446,58.45473,46.85114
2017-03-27,44.28436,50.60625,49.65789,38.91082,55.98377,45.22873
2017-03-27,41.81089,52.25573,47.05198,36.56979,57.78765,46.7238
2017-03-28,43.37658,51.31355,48.56889,38.18426,56.60413,46.02298
2017-03-28,40.6702,52.81675,45.40951,35.93089,58.3959,47.2376
2017-03-28,41.55795,52.38742,46.62505,36.49085,57.79079,46.98404
2017-03-29,43.23234,51.65588,48.12896,38.33572,56.73108,46.58068
2017-03-29,40.54865,52.65205,45.12926,35.96804,58.12233,47.18176
2017-03-29,41.20364,52.53189,46.0816,36.32568,57.80197,47.26182
2017-03-30,42.78091,51.80407,47.72739,37.83444,56.74441,46.86372
2017-03-30,40.11081,54.028,44.79861,35.42301,59.98937,48.06663
2017-03-30,40.63618,53.55639,45.51982,35.75254,59.13385,47.97892
2017-03-31,40.448,53.2771,45.17403,35.72196,59.34482,47.20937
2017-03-31,41.77287,51.91686,46.84838,36.69736,56.71685,47.11687
2017-03-31,40.48179,53.06938,45.32975,35.63383,58.63694,47.50181
2017-04-01,41.77287,51.91686,46.84838,36.69736,56.71685,47.11687
2017-04-01,40.55445,53.32457,45.26672,35.84218,59.41961,47.22953
2017-04-01,40.54905,53.0927,45.38779,35.7103,58.68511,47.50028
2017-04-02,41.77287,51.91686,46.84838,36.69736,56.71685,47.11687
2017-04-02,40.39359,53.45893,45.16575,35.62142,59.59847,47.31939
2017-04-02,40.44848,53.17198,45.32938,35.56758,58.80313,47.54082
2017-04-03,39.61414,53.89282,44.69081,34.53746,59.91079,47.87486
2017-04-03,41.49263,52.28128,46.54613,36.43912,57.25156,47.311
2017-04-03,39.84783,53.59146,44.92455,34.77111,59.18995,47.99298
2017-04-04,40.50948,53.39999,45.69217,35.32678,59.1553,47.64467
2017-04-04,41.28366,52.73132,46.88392,35.6834,57.75137,47.71127
2017-04-04,40.01525,53.67127,45.26242,34.76808,59.05883,48.2837
2017-04-05,41.72259,52.42102,47.24487,36.20031,57.31507,47.52696
2017-04-05,40.98213,52.87018,45.88659,36.07767,58.4521,47.28827
2017-04-05,40.66016,53.16607,45.7916,35.52871,58.42831,47.90383
2017-04-06,40.51774,53.72948,45.51066,35.52483,59.73963,47.71933
2017-04-06,41.74047,52.44887,47.29905,36.1819,57.36218,47.53556
2017-04-06,40.41075,53.69882,45.60198,35.21951,59.2783,48.11934
2017-04-07,40.42915,54.0258,45.2564,35.60189,59.83382,48.21779
2017-04-07,41.51286,52.79503,46.80249,36.22323,57.599,47.99107
2017-04-07,40.38835,53.89001,45.4526,35.32409,59.34081,48.43921
2017-04-08,41.51286,52.79503,46.80249,36.22323,57.599,47.99107
2017-04-08,40.44548,53.98016,45.27812,35.61284,59.79935,48.16096
2017-04-08,40.40128,53.86125,45.47359,35.32896,59.32256,48.39995
2017-04-09,41.51286,52.79503,46.80249,36.22323,57.599,47.99107
2017-04-09,40.46673,53.93581,45.30285,35.63061,59.76171,48.10991
2017-04-09,40.41701,53.82942,45.49614,35.33789,59.29893,48.35992
2017-04-10,41.39298,52.95179,46.71243,36.07354,57.82961,48.07397
2017-04-10,41.15395,52.99094,45.86559,36.44231,58.75322,47.22866
2017-04-10,40.87731,53.21894,45.83553,35.91909,58.66856,47.76932
2017-04-11,41.84169,52.17405,46.86845,36.81492,58.11969,46.22842
2017-04-11,42.56668,51.78368,48.27353,36.85984,56.98209,46.58527
2017-04-11,41.51326,52.52065,46.72686,36.29965,58.12492,46.91638
2017-04-12,42.83318,51.76783,48.376,37.29036,56.88817,46.64748
2017-04-12,41.62653,52.25298,46.5685,36.68455,58.06441,46.44155
2017-04-12,41.64417,52.36113,46.87432,36.41402,57.88984,46.83242
2017-04-13,42.90318,51.71242,48.45972,37.34663,56.7949,46.62994
2017-04-13,41.22889,52.85146,46.25507,36.20272,58.95934,46.74358
2017-04-13,41.44421,52.70598,46.76628,36.12213,58.45796,46.95399
2017-04-14,41.0928,52.42646,46.019,36.16659,58.40254,46.45038
2017-04-14,42.73984,50.934,48.22797,37.25171,55.76231,46.10569
2017-04-14,41.27088,51.87616,46.42637,36.11538,57.45,46.30231
2017-04-15,41.01736,52.42741,45.97337,36.06135,58.41444,46.44038
2017-04-15,42.73984,50.934,48.22797,37.25171,55.76231,46.10569
2017-04-15,41.23275,51.88008,46.41501,36.0505,57.46936,46.2908
2017-04-16,42.73984,50.934,48.22797,37.25171,55.76231,46.10569
2017-04-16,41.17042,52.25262,46.12373,36.21711,58.22296,46.28227
2017-04-16,41.34031,51.77214,46.52293,36.1577,57.3511,46.19318
2017-04-17,41.29482,52.09627,46.21842,36.37123,57.79642,46.39611
2017-04-17,43.4188,50.35167,48.84432,37.99329,55.01369,45.68964
2017-04-17,41.62966,51.48813,46.85859,36.40073,56.89203,46.08422
2017-04-18,41.32755,51.95232,46.28143,36.37368,57.66853,46.23611
2017-04-18,43.50145,50.31609,48.9874,38.01551,54.99622,45.63595
2017-04-18,41.70159,51.38246,46.99654,36.40664,56.7924,45.97252
2017-04-19,44.00313,50.52559,49.2343,38.77197,54.88184,46.16934
2017-04-19,41.10365,52.49113,45.66794,36.53936,57.87409,47.10818
2017-04-19,41.92009,51.80953,47.03592,36.80427,56.86413,46.75493
2017-04-20,44.05973,50.58625,49.1797,38.93976,55.20732,45.96517
2017-04-20,40.81158,52.93252,45.62248,36.00069,58.88656,46.97849
2017-04-20,42.02447,52.04146,47.19346,36.85548,57.51389,46.56903
2017-04-21,44.04811,50.56432,49.1926,38.90363,55.18794,45.9407
2017-04-21,40.72075,53.3662,45.46203,35.97947,59.12423,47.60818
2017-04-21,41.89439,52.33761,47.02298,36.7658,57.71827,46.95695
2017-04-22,40.71088,53.36101,45.44498,35.97677,59.11146,47.61056
2017-04-22,44.04811,50.56432,49.1926,38.90363,55.18794,45.9407
2017-04-22,41.88213,52.33886,47.01614,36.74812,57.71994,46.95778
2017-04-23,44.04811,50.56432,49.1926,38.90363,55.18794,45.9407
2017-04-23,40.62176,53.92823,45.03156,36.21197,59.21482,48.64163
2017-04-23,41.63386,52.87494,46.54868,36.71904,57.99485,47.75502
2017-04-24,44.23955,50.40123,49.54624,38.93287,55.07882,45.72365
2017-04-24,40.60334,53.91079,45.012,36.19468,59.18217,48.6394
2017-04-24,41.76186,52.74255,46.79366,36.73006,57.86912,47.61599
2017-04-25,40.30374,54.23236,44.60197,36.00551,59.40096,49.06376
2017-04-25,43.502,50.69404,48.45667,38.54732,55.25338,46.13471
2017-04-25,41.42433,52.85545,46.19313,36.65553,57.87822,47.83269
2017-04-26,40.71889,53.70636,44.81233,36.62546,58.5398,48.87291
2017-04-26,44.06063,50.11729,48.8275,39.29377,54.70171,45.53288
2017-04-26,41.98724,52.19347,46.71743,37.25704,57.10226,47.28468
2017-04-27,43.94151,50.25742,48.69866,39.18437,54.9077,45.60715
2017-04-27,41.19462,53.62363,45.27081,37.11842,58.3029,48.94435
2017-04-27,42.1408,52.32465,46.77888,37.50272,57.1571,47.4922
2017-04-28,40.96248,54.07797,45.51542,36.40953,59.50538,48.65056
2017-04-28,44.18594,50.13792,48.92052,39.45135,54.68615,45.58969
2017-04-28,41.9548,52.67693,46.88246,37.02715,58.03936,47.31449
2017-04-29,41.04478,53.89684,45.61719,36.47237,59.35752,48.43616
2017-04-29,44.18594,50.13792,48.92052,39.45135,54.68615,45.58969
2017-04-29,41.99678,52.56797,46.93359,37.05997,57.95444,47.1815
2017-04-30,44.18594,50.13792,48.92052,39.45135,54.68615,45.58969
2017-04-30,41.0427,53.92722,45.62574,36.45967,59.38926,48.46518
2017-04-30,41.98776,52.59581,46.93704,37.03849,57.99697,47.19464
2017-05-01,44.12144,50.34044,48.82506,39.41782,54.91676,45.76411
2017-05-01,40.90617,54.12692,45.40572,36.40663,59.50862,48.74522
2017-05-01,41.87309,52.76786,46.76357,36.98261,58.10855,47.42718
2017-05-02,44.19493,50.27415,48.93872,39.45113,54.85132,45.69698
2017-05-02,41.01395,54.02813,45.53724,36.49067,59.42989,48.62637
2017-05-02,41.99481,52.65896,46.92556,37.06407,58.00486,47.31306
2017-05-03,41.48521,53.02538,45.87061,37.0998,58.46288,47.58789
2017-05-03,44.34391,49.80513,48.90283,39.78498,54.46153,45.14873
2017-05-03,42.38294,51.87002,47.22184,37.54404,57.22107,46.51897
2017-05-04,44.23395,49.99863,48.69094,39.77697,54.58596,45.4113
2017-05-04,41.48521,53.02538,45.87061,37.0998,58.46288,47.58789
2017-05-04,42.42966,51.85018,47.21623,37.64309,57.14867,46.55169
2017-05-05,44.06768,50.19212,48.48866,39.64671,54.87309,45.51114
2017-05-05,41.49231,52.98911,45.89816,37.08645,58.44722,47.531
2017-05-05,42.33636,51.93982,47.07829,37.59442,57.23312,46.64652
2017-05-06,41.32185,53.11271,45.67287,36.97084,58.37172,47.85369
2017-05-06,44.32235,50.10137,48.65945,39.98526,54.64916,45.55357
2017-05-06,42.17928,52.08133,46.86745,37.49111,57.26179,46.90088
2017-05-07,41.26906,53.12979,45.62116,36.91697,58.36459,47.89498
2017-05-07,44.32235,50.10137,48.65945,39.98526,54.64916,45.55357
2017-05-07,42.13611,52.09691,46.83911,37.43311,57.26974,46.92409
2017-05-08,44.14452,50.20971,48.51689,39.77215,54.84586,45.57356
2017-05-08,41.42287,53.04214,45.74117,37.10458,58.23603,47.84824
2017-05-08,42.16862,52.08101,46.80999,37.52726,57.21143,46.95058
2017-05-09,41.14016,52.99695,45.44517,36.83515,57.98884,48.00506
2017-05-09,44.17577,50.24742,48.55055,39.80099,54.92481,45.57002
2017-05-09,41.93328,52.1669,46.63458,37.23199,57.1736,47.1602
2017-05-10,41.02212,53.14196,45.11921,36.92503,57.86072,48.4232
2017-05-10,42.81641,51.53957,48.18433,37.44849,56.71715,46.36199
2017-05-10,41.21492,52.84939,46.01898,36.41087,57.7994,47.89938
2017-05-11,42.88606,51.48355,48.32984,37.44228,56.67863,46.28847
2017-05-11,40.85036,53.25583,45.04947,36.65126,58.01551,48.49614
2017-05-11,41.15792,52.87853,46.07581,36.24004,57.84761,47.90946
2017-05-12,42.59069,51.74759,47.81786,37.36352,57.01383,46.48135
2017-05-12,40.99252,53.26033,45.08227,36.90276,57.98465,48.53601
2017-05-12,41.12946,52.89473,45.89158,36.36733,57.90615,47.88332
2017-05-13,42.59069,51.74759,47.81786,37.36352,57.01383,46.48135
2017-05-13,40.91915,53.34138,45.03639,36.80191,58.09837,48.58439
2017-05-13,41.08303,52.949,45.8761,36.28997,57.99341,47.90459
2017-05-14,40.29266,53.97565,44.29087,36.29446,58.44701,49.5043
2017-05-14,42.85477,51.5491,48.10534,37.6042,56.80383,46.29438
2017-05-14,40.63778,53.41823,45.32814,35.94741,58.27899,48.55746
2017-05-15,42.67153,51.77419,47.97429,37.36876,57.15453,46.39384
2017-05-15,40.18683,54.08882,44.25157,36.12209,58.62894,49.54869
2017-05-15,40.50564,53.57767,45.21157,35.79972,58.48868,48.66667
2017-05-16,41.78514,52.59653,46.83479,36.73549,57.72076,47.4723
2017-05-16,39.56028,54.62194,43.5225,35.59806,59.05186,50.19202
2017-05-16,39.90671,54.10234,44.44628,35.36713,58.85572,49.34895
2017-05-17,39.36876,54.66336,43.26851,35.46902,59.06248,50.26425
2017-05-17,41.0498,53.19755,46.06669,36.03291,58.11063,48.28447
2017-05-17,39.6813,54.27899,44.13726,35.22533,58.89919,49.65879
2017-05-18,39.05318,54.66667,42.8056,35.30076,58.80011,50.53323
2017-05-18,40.4189,53.61588,45.37959,35.4582,58.29942,48.93235
2017-05-18,39.45036,54.28648,43.80222,35.09851,58.69677,49.87619
2017-05-19,39.62964,54.51856,44.39882,34.86047,59.25576,49.78135
2017-05-19,38.32204,55.4182,42.01789,34.62618,59.65656,51.17984
2017-05-19,38.86071,54.87609,43.13092,34.5905,59.29292,50.45927
2017-05-20,38.23556,55.41444,41.97803,34.49308,59.66436,51.16453
2017-05-20,39.62964,54.51856,44.39882,34.86047,59.25576,49.78135
2017-05-20,38.80148,54.87124,43.10471,34.49825,59.29087,50.45161
2017-05-21,38.28256,55.40812,41.99757,34.56755,59.6697,51.14653
2017-05-21,39.62964,54.51856,44.39882,34.86047,59.25576,49.78135
2017-05-21,38.83015,54.86396,43.12059,34.5397,59.28749,50.44043
2017-05-22,39.63826,54.53247,44.42299,34.85353,59.28426,49.78069
2017-05-22,38.26906,55.46428,41.93174,34.60639,59.66468,51.26388
2017-05-22,38.78198,54.95404,43.04203,34.52193,59.31543,50.59264
2017-05-23,40.24492,54.41688,45.08392,35.40591,59.00794,49.82582
2017-05-23,38.31108,55.46129,41.9374,34.68476,59.66682,51.25577
2017-05-23,39.14797,54.91948,43.61942,34.67653,59.17537,50.66359
2017-05-24,39.81437,54.01662,44.79591,34.83282,58.33023,49.70301
2017-05-24,37.85646,55.77018,41.47275,34.24018,60.07504,51.46532
2017-05-24,38.99393,54.72712,43.54335,34.44452,58.86196,50.59229
2017-05-25,37.89192,55.7291,41.5061,34.27774,60.04083,51.41737
2017-05-25,39.91333,53.94802,44.96519,34.86146,58.26553,49.63052
2017-05-25,39.05955,54.67347,43.67546,34.44365,58.80458,50.54237
2017-05-26,40.22279,53.76402,45.31712,35.12847,58.03189,49.49614
2017-05-26,38.20471,55.57269,41.92799,34.48142,59.82375,51.32163
2017-05-26,39.28042,54.5595,43.92625,34.63459,58.65606,50.46295
2017-05-27,40.15144,53.83537,45.1971,35.10577,58.08748,49.58326
2017-05-27,38.26954,55.52485,42.00937,34.52972,59.77212,51.27757
2017-05-27,39.27729,54.57211,43.88622,34.66835,58.6447,50.49953
2017-05-28,38.41018,55.39933,42.24271,34.57765,59.6599,51.13876
2017-05-28,40.15144,53.83537,45.1971,35.10577,58.08748,49.58326
2017-05-28,39.3673,54.49165,44.00107,34.73354,58.56404,50.41927
2017-05-29,38.48822,55.33235,42.35765,34.61878,59.58801,51.0767
2017-05-29,40.06456,53.96847,45.12022,35.0089,58.23272,49.70422
2017-05-29,39.3634,54.5243,43.96389,34.76291,58.57644,50.47216
2017-05-30,40.42588,53.90907,45.20613,35.64562,57.96503,49.85311
2017-05-30,38.39928,55.63413,41.91901,34.87955,59.58732,51.68095
2017-05-30,39.21078,54.80099,43.55368,34.86788,58.70224,50.89975
2017-05-31,38.32364,55.46051,41.85717,34.7901,59.62359,51.29743
2017-05-31,40.34653,53.96354,45.0083,35.68476,58.0239,49.90319
2017-05-31,39.14719,54.78027,43.51952,34.77485,58.85775,50.70278
2017-06-01,38.32013,55.45131,41.83544,34.80482,59.61028,51.29233
2017-06-01,40.30403,54.02005,44.96185,35.64621,58.11176,49.92834
2017-06-01,39.11364,54.811,43.47738,34.74991,58.89351,50.7285
2017-06-02,40.41716,54.00002,45.03052,35.8038,58.06133,49.93871
2017-06-02,38.31442,55.51968,41.81391,34.81493,59.6869,51.35247
2017-06-02,39.10624,54.85807,43.46215,34.75033,58.9391,50.77704
2017-06-03,40.41716,54.00002,45.03052,35.8038,58.06133,49.93871
2017-06-03,38.15836,55.66989,41.7485,34.56821,59.90916,51.43062
2017-06-03,38.9981,54.95428,43.42838,34.56783,59.09671,50.81186
2017-06-04,40.13013,54.41492,44.71383,35.54644,58.57169,50.25816
2017-06-04,38.04909,55.86415,41.72054,34.37764,60.09843,51.62987
2017-06-04,38.89021,55.1037,43.33281,34.44762,59.26466,50.94274
2017-06-05,38.07709,55.82519,41.73353,34.42064,60.04972,51.60065
2017-06-05,40.30796,54.25923,45.05179,35.56414,58.43926,50.07919
2017-06-05,38.99826,55.00614,43.55975,34.43677,59.14022,50.87205
2017-06-06,40.25127,54.70671,44.90175,35.6008,58.98392,50.4295
2017-06-06,37.5394,56.78997,41.06022,34.01857,61.15226,52.42768
2017-06-06,38.60328,55.67593,43.15037,34.05618,59.98829,51.36356
2017-06-07,39.47573,55.21827,44.69165,34.2598,59.34021,51.09632
2017-06-07,37.62785,56.87752,41.06159,34.1941,61.10828,52.64675
2017-06-07,38.28024,55.87093,43.07074,33.48973,59.99118,51.75068
2017-06-08,37.59521,56.70111,41.01394,34.17648,60.82177,52.58046
2017-06-08,39.56704,55.13066,44.87513,34.25895,59.27013,50.9912
2017-06-08,38.24259,55.77963,43.04533,33.43984,59.84056,51.7187
2017-06-09,37.27892,56.98267,40.75511,33.80274,60.98679,52.97855
2017-06-09,39.4872,55.18361,44.72883,34.24557,59.24485,51.12236
2017-06-09,38.04195,55.96476,42.81776,33.26614,59.97122,51.9583
2017-06-10,39.4872,55.18361,44.72883,34.24557,59.24485,51.12236
2017-06-10,37.4267,56.84025,40.90689,33.94651,60.81255,52.86795
2017-06-10,38.12778,55.87754,42.90308,33.35248,59.85918,51.89591
2017-06-11,37.39389,56.96007,40.88179,33.90599,60.98165,52.93849
2017-06-11,39.4872,55.18361,44.72883,34.24557,59.24485,51.12236
2017-06-11,38.09373,55.9653,42.89088,33.29659,59.99905,51.93155
2017-06-12,37.24044,57.05828,40.82742,33.65347,61.16671,52.94985
2017-06-12,39.8111,54.497,44.95952,34.66269,58.70685,50.28715
2017-06-12,38.29467,55.58596,43.10337,33.48596,59.77042,51.4015
2017-06-13,39.90106,54.4931,44.8733,34.92881,58.6314,50.35481
2017-06-13,37.42384,57.09056,41.08774,33.75994,61.18656,52.99457
2017-06-13,38.25534,55.78836,42.89152,33.61917,59.96687,51.60986
2017-06-14,40.24654,53.96759,45.1449,35.34819,58.25368,49.68151
2017-06-14,37.58538,56.83662,41.19516,33.97561,61.12059,52.55265
2017-06-14,38.3791,55.65119,43.01754,33.74066,59.86611,51.43627
2017-06-15,40.40865,53.82967,45.45263,35.36467,58.14452,49.51482
2017-06-15,38.17562,56.75382,42.57939,33.77184,62.05133,51.45631
2017-06-15,38.38903,55.9732,43.29962,33.47845,60.9323,51.0141
2017-06-16,38.13759,56.16522,42.42458,33.8506,61.33659,50.99385
2017-06-16,41.08271,53.55498,46.18059,35.98484,57.80258,49.30737
2017-06-16,38.66948,55.51431,43.59479,33.74418,60.41283,50.61578
2017-06-17,41.08271,53.55498,46.18059,35.98484,57.80258,49.30737
2017-06-17,38.22923,55.98989,42.53318,33.92529,61.17151,50.80827
2017-06-17,38.7223,55.40695,43.65948,33.78512,60.3134,50.50051
2017-06-18,41.08271,53.55498,46.18059,35.98484,57.80258,49.30737
2017-06-18,38.2633,55.92405,42.58323,33.94336,61.11977,50.72832
2017-06-18,38.73221,55.37252,43.68423,33.78019,60.29601,50.44904
2017-06-19,38.20811,55.95309,42.54373,33.87248,61.15396,50.75222
2017-06-19,41.07663,53.4833,46.22794,35.92532,57.78094,49.18565
2017-06-19,38.71433,55.33969,43.69634,33.73232,60.26365,50.41574
2017-06-20,38.05501,55.89925,42.15563,33.95438,60.62563,51.17287
2017-06-20,41.74133,53.18612,46.55068,36.93198,57.17889,49.19334
2017-06-20,38.62213,55.34938,43.38256,33.8617,59.91515,50.78362
2017-06-21,41.27916,53.78546,45.99531,36.56301,58.26405,49.30687
2017-06-21,37.71882,56.43047,41.66222,33.77543,61.4958,51.36514
2017-06-21,38.40358,55.77647,43.05761,33.74956,60.63239,50.92056
2017-06-22,38.19526,56.32613,42.07628,34.31423,61.22327,51.429
2017-06-22,41.33515,53.73629,46.1096,36.5607,58.23534,49.23724
2017-06-22,38.74978,55.69723,43.3579,34.14165,60.42154,50.97293
2017-06-23,38.85541,55.87791,42.80199,34.90883,60.59999,51.15583
2017-06-23,42.15164,53.26928,47.11041,37.19287,57.63242,48.90615
2017-06-23,39.77451,55.08252,44.676,34.87303,59.65898,50.50606
2017-06-24,42.15164,53.26928,47.11041,37.19287,57.63242,48.90615
2017-06-24,38.69684,55.90369,42.61763,34.77605,60.63505,51.17233
2017-06-24,39.66325,55.09979,44.57659,34.7499,59.691,50.50858
2017-06-25,42.15164,53.26928,47.11041,37.19287,57.63242,48.90615
2017-06-25,38.60531,56.04652,42.54538,34.66523,60.8044,51.28865
2017-06-25,39.58413,55.20745,44.52223,34.64603,59.83112,50.58379
2017-06-26,42.26113,53.22862,47.13463,37.38763,57.44697,49.01027
2017-06-26,38.38256,56.12514,42.30339,34.46173,60.77531,51.47498
2017-06-26,39.46778,55.20918,44.43855,34.497,59.75242,50.66594
2017-06-27,37.48801,56.62576,41.59288,33.38314,61.22116,52.03036
2017-06-27,41.78716,53.23951,46.6125,36.96183,57.33175,49.14727
2017-06-27,38.71787,55.64397,43.81157,33.62417,60.16024,51.1277
2017-06-28,41.81993,52.67577,46.51572,37.12415,56.62168,48.72987
2017-06-28,37.54221,55.36171,41.44012,33.64429,60.12468,50.59874
2017-06-28,39.3798,54.28488,44.38748,34.37212,58.96166,49.6081
2017-06-29,41.86575,52.88573,46.33982,37.39169,56.71787,49.05359
2017-06-29,37.67141,55.34303,41.59846,33.74437,60.11432,50.57174
2017-06-29,39.93516,54.1336,44.7401,35.13022,58.62613,49.64108
2017-06-30,37.43984,55.56991,41.20217,33.67751,60.20266,50.93716
2017-06-30,41.68539,52.85609,46.1218,37.24899,56.67764,49.03455
2017-06-30,39.60293,54.33164,44.34719,34.85867,58.76026,49.90302
2017-07-01,37.45395,55.56271,41.21778,33.69012,60.19781,50.9276
2017-07-01,41.68539,52.85609,46.1218,37.24899,56.67764,49.03455
2017-07-01,39.58723,54.34242,44.34394,34.83052,58.78121,49.90363
2017-07-02,41.68539,52.85609,46.1218,37.24899,56.67764,49.03455
2017-07-02,37.37842,55.55313,41.15376,33.60308,60.18834,50.91793
2017-07-02,39.51341,54.3523,44.30066,34.72616,58.80197,49.90263
2017-07-03,37.54239,55.46515,41.31401,33.77077,60.08126,50.84904
2017-07-03,41.5316,53.03595,45.95436,37.10884,56.94992,49.12199
2017-07-03,39.52999,54.39137,44.26207,34.79792,58.82858,49.95415
2017-07-04,37.41192,55.53621,41.20735,33.6165,60.18404,50.88838
2017-07-04,41.50266,53.08095,45.93007,37.07524,57.03258,49.12931
2017-07-04,39.41248,54.46843,44.19063,34.63433,58.93663,50.00022
2017-07-05,41.05097,53.6532,45.47329,36.62865,57.79597,49.51043
2017-07-05,37.4516,55.89673,40.96217,33.94103,60.39372,51.39974
2017-07-05,39.03904,54.90335,43.63164,34.44644,59.316,50.49069
2017-07-06,40.9981,53.72767,45.38999,36.60621,57.86521,49.59013
2017-07-06,37.44537,55.90229,40.93926,33.95148,60.37643,51.42815
2017-07-06,39.00697,54.95916,43.60416,34.40978,59.34011,50.57821
2017-07-07,40.9719,53.88918,45.57987,36.36393,58.12414,49.65421
2017-07-07,37.56738,56.12503,41.24331,33.89145,60.55323,51.69684
2017-07-07,39.01347,55.12906,43.63103,34.39591,59.4956,50.76252
2017-07-08,37.63799,56.03509,41.30652,33.96945,60.44957,51.6206
2017-07-08,40.9719,53.88918,45.57987,36.36393,58.12414,49.65421
2017-07-08,39.03389,55.08215,43.65359,34.41419,59.44303,50.72127
2017-07-09,40.9719,53.88918,45.57987,36.36393,58.12414,49.65421
2017-07-09,37.73914,55.99558,41.42068,34.05761,60.41068,51.58048
2017-07-09,39.08517,55.06653,43.70378,34.46656,59.43101,50.70205
2017-07-10,40.97753,53.88207,45.67814,36.27691,58.17496,49.58917
2017-07-10,37.7802,55.95912,41.46539,34.09501,60.37428,51.54397
2017-07-10,39.12117,55.04463,43.77384,34.46849,59.39623,50.69302
2017-07-11,38.07668,55.98864,41.70876,34.44459,60.21886,51.75842
2017-07-11,41.28938,53.67112,45.78644,36.79231,57.71157,49.63067
2017-07-11,39.24297,55.10878,43.7589,34.72705,59.33429,50.88327
2017-07-12,37.98452,55.81583,41.58894,34.38009,60.06542,51.56623
2017-07-12,41.33458,53.47686,45.81248,36.85669,57.61976,49.33395
2017-07-12,39.29457,54.95346,44.04103,34.54811,59.27117,50.63574
2017-07-13,41.25047,53.57362,45.71526,36.78569,57.79064,49.35661
2017-07-13,37.98452,55.81583,41.58894,34.38009,60.06542,51.56623
2017-07-13,39.25278,55.00865,43.9978,34.50777,59.34611,50.67118
2017-07-14,38.36245,55.82526,41.95557,34.76933,59.79289,51.85762
2017-07-14,41.46821,53.40542,45.88934,37.04708,57.68714,49.12371
2017-07-14,39.14643,55.23926,43.65331,34.63956,59.42607,51.05245
2017-07-15,38.29617,55.9601,41.91101,34.68133,59.95897,51.96122
2017-07-15,41.46784,53.40601,45.88824,37.04744,57.68776,49.12427
2017-07-15,39.09839,55.3304,43.63673,34.56005,59.56072,51.10008
2017-07-16,40.88952,54.01481,45.42131,36.35773,58.23363,49.79599
2017-07-16,37.84597,56.33533,41.53548,34.15647,60.28469,52.38597
2017-07-16,38.60715,55.70111,43.2235,33.9908,59.92703,51.47519
2017-07-17,40.74656,53.64394,45.23213,36.26099,57.86213,49.42576
2017-07-17,38.4192,55.60708,41.91361,34.9248,59.59241,51.62175
2017-07-17,38.81894,55.38853,43.13393,34.50394,59.534,51.24305
2017-07-18,40.80437,53.83469,45.08408,36.52465,57.90987,49.75951
2017-07-18,38.04208,56.00087,41.48399,34.60018,60.01667,51.98506
2017-07-18,38.72128,55.6564,42.93108,34.51148,59.73441,51.5784
2017-07-19,37.97404,56.19024,41.37779,34.5703,60.15877,52.22171
2017-07-19,40.23778,54.35539,44.30059,36.17496,58.35008,50.36069
2017-07-19,38.71251,55.67002,42.81013,34.61489,59.71012,51.62992
2017-07-20,40.24314,54.3571,44.31455,36.17173,58.34778,50.36642
2017-07-20,37.8655,56.34587,41.33248,34.39853,60.41756,52.27419
2017-07-20,38.6458,55.76773,42.80268,34.48891,59.86781,51.66766
2017-07-21,39.92391,54.90389,43.88772,35.9601,58.95335,50.85444
2017-07-21,37.44432,56.22223,41.0191,33.86955,60.06737,52.37708
2017-07-21,38.3734,55.72233,42.56104,34.18576,59.64466,51.8
2017-07-22,37.51841,56.16276,41.09487,33.94195,59.99729,52.32823
2017-07-22,39.92391,54.90389,43.88772,35.9601,58.95335,50.85444
2017-07-22,38.41841,55.68146,42.60358,34.23324,59.60043,51.7625
2017-07-23,39.92391,54.90389,43.88772,35.9601,58.95335,50.85444
2017-07-23,37.63227,55.98546,41.22648,34.03806,59.82065,52.15028
2017-07-23,38.4932,55.55575,42.67521,34.3112,59.46841,51.64308
2017-07-24,40.00105,54.82607,44.01979,35.98231,58.90247,50.74966
2017-07-24,38.53267,55.30663,42.73199,34.33334,59.52424,51.08902
2017-07-24,39.05289,55.13695,43.44463,34.66116,59.24187,51.03202
2017-07-25,37.56762,55.98916,41.91506,33.22018,60.30493,51.6734
2017-07-25,40.00367,54.72099,43.97943,36.02792,58.9141,50.52788
2017-07-25,38.38955,55.60064,42.97971,33.79939,59.89718,51.3041
2017-07-26,40.10891,54.68523,44.02824,36.18957,58.83035,50.54011
2017-07-26,37.87655,55.62539,42.12126,33.63184,60.06873,51.18205
2017-07-26,38.54961,55.35145,43.06865,34.03057,59.71321,50.98969
2017-07-27,39.90546,54.90348,43.82129,35.98964,59.19101,50.61594
2017-07-27,38.03011,55.41692,42.28168,33.77855,59.83472,50.99912
2017-07-27,38.54928,55.34732,43.03683,34.06173,59.72181,50.97283
2017-07-28,37.84032,55.90107,41.85498,33.82565,60.32299,51.47914
2017-07-28,38.97818,56.00404,42.95424,35.00211,60.43024,51.57784
2017-07-28,38.35725,55.68452,42.68003,34.03447,60.10131,51.26774
2017-07-29,37.87874,55.96958,41.89894,33.85854,60.3989,51.54026
2017-07-29,38.97818,56.00404,42.95424,35.00211,60.43024,51.57784
2017-07-29,38.38412,55.72515,42.71571,34.05252,60.15879,51.2915
2017-07-30,38.97818,56.00404,42.95424,35.00211,60.43024,51.57784
2017-07-30,37.82521,56.02435,41.84805,33.80238,60.48609,51.5626
2017-07-30,38.35231,55.75294,42.70267,34.00195,60.21958,51.28629
2017-07-31,37.74067,56.1981,41.77999,33.70134,60.75717,51.63904
2017-07-31,38.83294,56.40698,42.89334,34.77254,60.92976,51.8842
2017-07-31,38.20862,56.1893,42.6102,33.80704,60.72137,51.65723
2017-08-01,38.21495,57.22556,42.30776,34.12214,61.76926,52.68185
2017-08-01,37.12984,57.07516,41.0323,33.22738,61.61325,52.53707
2017-08-01,37.76429,56.74495,42.14993,33.37865,61.29782,52.19208
2017-08-02,37.31966,57.76991,42.09148,32.54784,62.49352,53.0463
2017-08-02,37.009,57.20819,40.88349,33.13451,61.74978,52.66661
2017-08-02,37.04735,57.46737,41.72179,32.37292,62.21899,52.71576
2017-08-03,36.98343,57.11368,40.85014,33.11673,61.58009,52.64727
2017-08-03,37.2991,57.72597,42.04794,32.55027,62.39594,53.05601
2017-08-03,37.01992,57.37531,41.67223,32.3676,62.04323,52.70739
2017-08-04,36.86573,57.28303,40.69488,33.03659,61.73932,52.82673
2017-08-04,37.27709,57.64736,41.97725,32.57693,62.24009,53.05463
2017-08-04,36.91279,57.43717,41.50656,32.31903,62.06231,52.81203
2017-08-05,37.27709,57.64736,41.97725,32.57693,62.24009,53.05463
2017-08-05,36.92022,57.04646,40.73939,33.10106,61.50038,52.59254
2017-08-05,36.95828,57.26429,41.55743,32.35914,61.90297,52.6256
2017-08-06,36.92662,57.10833,40.7111,33.14214,61.48961,52.72705
2017-08-06,37.39128,57.57107,42.04111,32.74145,62.10695,53.03519
2017-08-06,36.98021,57.27692,41.55582,32.40461,61.87062,52.68322
2017-08-07,36.43844,57.34126,40.59006,32.28683,61.52499,53.15753
2017-08-07,37.74126,57.28339,42.37014,33.11238,61.7383,52.82848
2017-08-07,36.60229,57.36718,41.33248,31.87211,61.76018,52.97419
2017-08-08,38.25177,56.82254,43.0317,33.47185,61.65517,51.98991
2017-08-08,36.17896,58.15186,40.09509,32.26283,62.28333,54.02039
2017-08-08,36.90808,57.43502,41.69695,32.11922,61.98555,52.88449
2017-08-09,36.23774,57.79395,40.054,32.42149,62.03753,53.55037
2017-08-09,38.39414,56.41191,42.98488,33.8034,61.11378,51.71004
2017-08-09,36.86343,57.23425,41.55867,32.16819,61.74557,52.72292
2017-08-10,38.53228,56.22918,43.21464,33.84991,60.97047,51.4879
2017-08-10,36.22694,57.69921,40.02581,32.42806,61.93799,53.46042
2017-08-10,36.93701,57.06971,41.71968,32.15434,61.59443,52.54499
2017-08-11,36.63607,57.46092,40.40025,32.87189,61.61914,53.3027
2017-08-11,39.34763,54.87801,43.80651,34.88874,59.37757,50.37844
2017-08-11,37.56736,56.34317,42.19353,32.94119,60.85007,51.83627
2017-08-12,36.75468,57.43847,40.76329,32.74608,61.60697,53.26997
2017-08-12,39.34763,54.87801,43.80651,34.88874,59.37757,50.37844
2017-08-12,37.62228,56.35921,42.29346,32.9511,60.83619,51.88224
2017-08-13,39.34763,54.87801,43.80651,34.88874,59.37757,50.37844
2017-08-13,36.69472,57.57878,40.71627,32.67317,61.7786,53.37896
2017-08-13,37.57039,56.46309,42.26449,32.87629,60.98093,51.94524
2017-08-14,39.25485,54.94202,43.69183,34.81787,59.42392,50.46012
2017-08-14,36.51901,57.78039,40.61835,32.41967,62.08418,53.4766
2017-08-14,37.39813,56.64359,42.12861,32.66765,61.21503,52.07214
2017-08-15,39.32666,54.21491,43.66765,34.98568,58.96895,49.46087
2017-08-15,37.07734,55.79198,41.1385,33.01617,60.60711,50.97684
2017-08-15,37.63694,55.55735,42.20628,33.0676,60.32541,50.78928
2017-08-16,36.79667,54.94242,40.79628,32.79707,59.92448,49.96037
2017-08-16,39.79543,53.64213,44.18729,35.40357,58.44459,48.83966
2017-08-16,37.33916,55.03362,41.82668,32.85165,59.93123,50.136
2017-08-17,36.85913,54.9086,40.8399,32.87836,59.85916,49.95805
2017-08-17,40.14403,53.8097,44.42183,35.86623,58.50616,49.11323
2017-08-17,37.85554,54.9286,42.33533,33.37575,59.70444,50.15276
2017-08-18,39.6217,54.81041,44.07013,35.17327,59.58671,50.0341
2017-08-18,36.38994,55.65908,40.39721,32.38268,60.64413,50.67403
2017-08-18,37.79533,55.39618,42.40402,33.18665,60.15129,50.64106
2017-08-19,39.6217,54.81041,44.07013,35.17327,59.58671,50.0341
2017-08-19,37.79533,55.39618,42.40402,33.18665,60.15129,50.64106
2017-08-19,36.38994,55.65908,40.39721,32.38268,60.64413,50.67403
2017-08-20,37.72692,55.43607,42.34237,33.11146,60.20604,50.66609
2017-08-20,39.6217,54.81041,44.07013,35.17327,59.58671,50.0341
2017-08-20,36.341,55.70692,40.34136,32.34063,60.7416,50.67225
2017-08-21,35.88695,57.15897,39.80593,31.96796,62.13844,52.1795
2017-08-21,39.59126,54.82199,44.05444,35.12809,59.6122,50.03179
2017-08-21,37.05765,56.54782,41.65087,32.46442,61.33219,51.76345
2017-08-22,39.12299,55.47832,43.45678,34.7892,60.18941,50.76723
2017-08-22,35.67125,57.80386,39.45868,31.88382,62.71664,52.89108
2017-08-22,36.81282,57.00314,41.33916,32.28648,61.75926,52.24702
2017-08-23,38.47126,55.76075,42.75419,34.18832,60.32465,51.19686
2017-08-23,36.0565,57.31284,39.86063,32.25236,62.33797,52.28772
2017-08-23,36.92514,56.83273,41.28721,32.56307,61.54496,52.1205
2017-08-24,35.95277,57.41348,39.78584,32.1197,62.47303,52.35392
2017-08-24,38.61401,55.61862,42.91553,34.3125,60.15855,51.07868
2017-08-24,37.01527,56.76907,41.47535,32.5552,61.49586,52.04228
2017-08-25,38.49583,56.11722,42.78054,34.21112,60.57177,51.66267
2017-08-25,35.74794,57.8345,39.54499,31.9509,62.84203,52.82697
2017-08-25,36.91675,57.15396,41.45602,32.37748,61.81174,52.49618
2017-08-26,38.49583,56.11722,42.78054,34.21112,60.57177,51.66267
2017-08-26,35.78688,57.87026,39.57668,31.99707,62.90443,52.83609
2017-08-26,36.93331,57.17996,41.47746,32.38916,61.86016,52.49976
2017-08-27,35.77816,57.89424,39.57776,31.97856,62.9564,52.83207
2017-08-27,38.49583,56.11722,42.78054,34.21112,60.57177,51.66267
2017-08-27,36.92144,57.19756,41.48524,32.35764,61.90208,52.49304
2017-08-28,38.49717,56.13604,42.82244,34.17189,60.62732,51.64477
2017-08-28,35.77592,57.90997,39.58704,31.9648,63.0029,52.81705
2017-08-28,36.92813,57.2124,41.51923,32.33704,61.92688,52.49792
2017-08-29,38.09775,56.34618,42.42518,33.77031,60.81544,51.87691
2017-08-29,35.83307,58.1829,39.4631,32.20303,63.29436,53.07143
2017-08-29,36.82207,57.44258,41.25789,32.38624,62.25244,52.63271
2017-08-30,36.11767,57.82173,39.72343,32.51191,62.96367,52.67979
2017-08-30,38.63689,56.25348,42.70835,34.56542,60.45604,52.05091
2017-08-30,37.31853,57.14878,41.68003,32.95704,61.81176,52.48579
2017-08-31,36.05339,57.89574,39.73016,32.37662,63.01268,52.77881
2017-08-31,38.60115,56.26993,42.67866,34.52364,60.48548,52.05437
2017-08-31,37.22177,57.22581,41.5991,32.84444,61.89116,52.56047
2017-09-01,38.72445,56.20359,42.70963,34.73928,60.30949,52.0977
2017-09-01,36.30648,57.99635,40.03671,32.57625,62.9889,53.00381
2017-09-01,37.3336,57.26038,41.67601,32.99118,61.87663,52.64413
2017-09-02,36.25883,58.04179,40.02353,32.49413,63.0463,53.03728
2017-09-02,38.72445,56.20359,42.70963,34.73928,60.30949,52.0977
2017-09-02,37.28516,57.30523,41.66122,32.90909,61.94461,52.66586
2017-09-03,38.72445,56.20359,42.70963,34.73928,60.30949,52.0977
2017-09-03,36.37417,57.84581,40.09522,32.65312,62.78358,52.90805
2017-09-03,37.35038,57.18285,41.70014,33.00063,61.76844,52.59725
2017-09-04,38.7773,56.08899,42.84619,34.7084,60.20845,51.96954
2017-09-04,36.54958,57.64956,40.29377,32.80539,62.5812,52.71791
2017-09-04,37.50347,56.98285,41.89262,33.11432,61.5484,52.41729
2017-09-05,36.75838,57.60414,40.50233,33.01443,62.35545,52.85284
2017-09-05,39.3034,55.7341,43.36219,35.24461,59.87082,51.59739
2017-09-05,37.76652,56.80103,42.23053,33.30251,61.37112,52.23093
2017-09-06,37.38649,57.16378,41.32706,33.44593,62.09415,52.23342
2017-09-06,39.78395,55.35294,43.91262,35.65529,59.48346,51.22242
2017-09-06,38.21691,56.44203,42.74511,33.68871,61.08582,51.79824
2017-09-07,39.82632,55.34008,44.01718,35.63547,59.46281,51.21735
2017-09-07,37.70192,56.98782,41.58705,33.8168,61.75868,52.21696
2017-09-07,38.37829,56.37593,42.91252,33.84407,60.91397,51.83789
2017-09-08,38.10756,56.42276,42.14488,34.07023,61.05741,51.78811
2017-09-08,40.44044,54.6344,44.67823,36.20266,58.66391,50.60488
2017-09-08,38.68817,55.95134,43.26941,34.10693,60.39766,51.50502
2017-09-09,38.21482,56.3358,42.23446,34.19518,60.97066,51.70095
2017-09-09,40.44044,54.6344,44.67823,36.20266,58.66391,50.60488
2017-09-09,38.76101,55.89272,43.32641,34.19561,60.3409,51.44453
2017-09-10,40.44044,54.6344,44.67823,36.20266,58.66391,50.60488
2017-09-10,38.22231,56.30355,42.24351,34.20111,60.92258,51.68452
2017-09-10,38.75933,55.87571,43.3353,34.18337,60.32141,51.43
2017-09-11,40.31529,54.72517,44.53437,36.0962,58.75313,50.69721
2017-09-11,38.23683,56.34893,42.24704,34.22662,60.9426,51.75525
2017-09-11,38.71809,55.95098,43.24094,34.19524,60.34079,51.56116
2017-09-12,39.55527,55.24317,43.89106,35.21949,59.35269,51.13366
2017-09-12,37.3891,56.79363,41.30806,33.47015,61.18481,52.40245
2017-09-12,38.1081,56.23722,42.74432,33.47188,60.56918,51.90527
2017-09-13,37.67399,56.40246,41.47846,33.86951,60.95191,51.853
2017-09-13,39.74465,54.93554,43.87717,35.61213,59.13334,50.73774
2017-09-13,38.20712,55.90915,42.65783,33.7564,60.37368,51.44463
2017-09-14,40.09134,54.549,44.2555,35.92719,58.8194,50.27859
2017-09-14,37.67922,56.30154,41.48695,33.87149,60.82011,51.78296
2017-09-14,38.48572,55.55937,43.06287,33.90856,60.04461,51.07413
2017-09-15,40.4518,53.72972,44.50467,36.39894,58.343,49.11645
2017-09-15,38.26089,54.98892,42.04071,34.48106,59.86929,50.10856
2017-09-15,38.85391,54.70395,43.17216,34.53566,59.35404,50.05386
2017-09-16,38.16751,55.15108,41.99262,34.3424,60.11406,50.18811
2017-09-16,40.4518,53.72972,44.50467,36.39894,58.343,49.11645
2017-09-16,38.79293,54.80883,43.15847,34.42738,59.53611,50.08154
2017-09-17,38.39445,54.59601,42.20641,34.5825,59.50399,49.68803
2017-09-17,40.4518,53.72972,44.50467,36.39894,58.343,49.11645
2017-09-17,38.79023,54.70402,43.07557,34.50489,59.38459,50.02346
2017-09-18,40.48919,53.73187,44.62699,36.3514,58.4045,49.05925
2017-09-18,38.50353,54.44039,42.29119,34.71587,59.33059,49.55018
2017-09-18,38.90175,54.57581,43.20633,34.59717,59.23567,49.91596
2017-09-19,38.45267,54.4381,42.11092,34.79441,59.13347,49.74273
2017-09-19,40.38954,53.92811,44.33314,36.44594,58.47723,49.37899
2017-09-19,38.85189,54.49646,43.0079,34.69588,58.99737,49.99556
2017-09-20,38.84023,53.24905,42.28319,35.39726,58.19955,48.29855
2017-09-20,40.86275,52.65388,44.56312,37.16238,57.55666,47.75111
2017-09-20,39.06307,53.5909,42.97974,35.1464,58.35732,48.82448
2017-09-21,40.87155,52.63753,44.5826,37.16049,57.53896,47.73609
2017-09-21,39.37469,53.34927,43.00726,35.74212,58.07776,48.62077
2017-09-21,39.45935,53.5658,43.41961,35.49909,58.1391,48.99249
2017-09-22,41.25188,52.82355,45.12013,37.38363,57.54034,48.10677
2017-09-22,39.01869,54.07699,42.89046,35.14693,58.88752,49.26646
2017-09-22,39.49464,54.0083,43.62273,35.36654,58.5935,49.4231
2017-09-23,41.25188,52.82355,45.12013,37.38363,57.54034,48.10677
2017-09-23,38.95658,54.05893,42.86593,35.04724,58.88275,49.2351
2017-09-23,39.44529,54.00235,43.59065,35.29993,58.5786,49.42611
2017-09-24,39.17653,54.43883,42.9406,35.41246,59.20711,49.67055
2017-09-24,41.49499,52.96284,45.2257,37.76428,57.49514,48.43055
2017-09-24,39.59408,54.24086,43.60965,35.57851,58.78962,49.6921
2017-09-25,41.57793,53.08458,45.39066,37.76519,57.52617,48.64299
2017-09-25,39.09969,54.47302,42.81534,35.38404,59.20583,49.7402
2017-09-25,39.6704,54.32408,43.84024,35.50056,58.76521,49.88295
2017-09-26,41.01126,53.54343,44.83744,37.18507,57.98804,49.09881
2017-09-26,38.2449,54.81219,42.07979,34.41002,59.294,50.33038
2017-09-26,38.92197,54.60735,43.18951,34.65443,58.86979,50.34491
2017-09-27,37.98526,55.10514,41.80173,34.16879,59.55419,50.6561
2017-09-27,40.31173,54.26196,44.53713,36.08633,58.49226,50.03165
2017-09-27,38.79216,54.94124,43.08302,34.5013,59.06998,50.8125
2017-09-28,37.89941,55.22694,41.75462,34.0442,59.74157,50.71231
2017-09-28,40.31269,54.41755,44.47203,36.15335,58.54889,50.2862
2017-09-28,38.82832,55.08244,43.16374,34.49291,59.19535,50.96952
2017-09-29,40.34256,54.64625,44.37914,36.30598,58.72469,50.56781
2017-09-29,37.60137,55.87895,41.27396,33.92879,60.33029,51.4276
2017-09-29,38.62467,55.41434,42.90867,34.34067,59.5141,51.31458
2017-09-30,37.59743,55.85502,41.28298,33.91187,60.2884,51.42163
2017-09-30,40.34256,54.64625,44.37914,36.30598,58.72469,50.56781
2017-09-30,38.61241,55.40293,42.91461,34.31021,59.49294,51.31292
2017-10-01,37.68137,55.78199,41.36288,33.99987,60.20525,51.35874
2017-10-01,40.34256,54.64625,44.37914,36.30598,58.72469,50.56781
2017-10-01,38.66099,55.35896,42.96257,34.35941,59.44509,51.27284
2017-10-02,40.15312,54.81033,44.17437,36.13186,58.93735,50.68331
2017-10-02,37.62963,55.75329,41.33792,33.92134,60.19293,51.31364
2017-10-02,38.52001,55.43917,42.78959,34.25043,59.5448,51.33354
2017-10-03,40.37353,54.85959,44.35439,36.39267,58.99095,50.72824
2017-10-03,37.8289,55.8531,41.47723,34.18057,60.25601,51.45019
2017-10-03,38.61701,55.51572,42.82699,34.40703,59.61335,51.41809
2017-10-04,40.7621,54.79143,44.79243,36.73178,58.75761,50.82524
2017-10-04,38.01492,56.09282,41.53102,34.49882,60.28134,51.9043
2017-10-04,38.92259,55.54972,43.20797,34.6372,59.51195,51.58749
2017-10-05,38.07584,56.03094,41.63827,34.51341,60.13042,51.93146
2017-10-05,40.60885,54.87642,44.77727,36.44043,58.74704,51.0058
2017-10-05,38.81237,55.61481,43.07641,34.54833,59.47441,51.75522
2017-10-06,40.17117,55.22769,44.48967,35.85266,59.33171,51.12367
2017-10-06,37.10485,57.30538,41.13694,33.07277,62.52552,52.08524
2017-10-06,38.1001,56.47272,42.76361,33.4366,61.2938,51.65165
2017-10-07,40.17117,55.22769,44.48967,35.85266,59.33171,51.12367
2017-10-07,37.17203,57.19087,41.22639,33.11768,62.42555,51.95619
2017-10-07,38.13292,56.40413,42.81899,33.44685,61.24431,51.56394
2017-10-08,37.14746,57.21674,41.21215,33.08276,62.46442,51.96906
2017-10-08,40.17117,55.22769,44.48967,35.85266,59.33171,51.12367
2017-10-08,38.10051,56.43702,42.81056,33.39046,61.29832,51.57572
2017-10-09,37.08799,57.10312,41.16768,33.0083,62.35505,51.8512
2017-10-09,40.09864,55.25847,44.44193,35.75536,59.37949,51.13745
2017-10-09,38.02188,56.38805,42.73129,33.31248,61.22114,51.55496
2017-10-10,40.01473,55.25956,44.3416,35.68786,59.37972,51.1394
2017-10-10,36.52134,57.44492,40.70203,32.34066,62.79613,52.0937
2017-10-10,37.45793,56.69799,42.27483,32.64103,61.66857,51.72741
2017-10-11,36.47693,56.94599,40.54764,32.40623,62.31004,51.58194
2017-10-11,40.12806,54.69553,44.28343,35.97269,58.60228,50.78879
2017-10-11,37.7519,56.08387,42.36158,33.14222,60.84902,51.31871
2017-10-12,36.62103,56.89503,40.75443,32.48763,62.17796,51.61209
2017-10-12,40.22272,54.57459,44.41026,36.03518,58.44459,50.70459
2017-10-12,37.85408,56.02977,42.50036,33.20779,60.74846,51.31108
2017-10-13,39.6197,55.18693,43.8368,35.4026,59.32934,51.04452
2017-10-13,36.56348,56.99356,40.58036,32.5466,62.16754,51.81957
2017-10-13,37.6958,56.14555,42.24862,33.14298,60.83664,51.45445
2017-10-14,37.62886,55.9846,42.14088,33.11685,60.64174,51.32746
2017-10-14,36.65332,56.59665,40.60168,32.70496,61.65913,51.53416
2017-10-14,39.6197,55.18693,43.8368,35.4026,59.32934,51.04452
2017-10-15,39.6197,55.18693,43.8368,35.4026,59.32934,51.04452
2017-10-15,36.70586,56.55759,40.65996,32.75177,61.62766,51.48751
2017-10-15,37.66046,55.95942,42.1819,33.13901,60.62894,51.28989
2017-10-16,36.59012,56.77091,40.53949,32.64075,61.87854,51.66328
2017-10-16,40.2318,54.40153,44.60351,35.86009,58.94375,49.8593
2017-10-16,38.14785,55.5671,42.92557,33.37013,60.46063,50.67356
2017-10-17,39.582,55.04752,43.78059,35.38341,59.46874,50.62631
2017-10-17,36.73927,56.83446,40.47601,33.00253,61.62724,52.04168
2017-10-17,37.98654,55.80103,42.53926,33.43382,60.53177,51.07029
2017-10-18,39.87877,54.70084,44.08759,35.66994,59.13977,50.26191
2017-10-18,36.74679,56.59354,40.39061,33.10298,61.50909,51.67799
2017-10-18,38.07331,55.5466,42.73254,33.41408,60.36487,50.72834
2017-10-19,36.88713,56.65256,40.35565,33.41861,61.34747,51.95765
2017-10-19,39.58765,54.8556,43.69738,35.47793,59.21457,50.49662
2017-10-19,37.96664,55.79045,42.42966,33.50361,60.46689,51.11402
2017-10-20,36.69792,57.0166,40.13217,33.26366,61.69907,52.33413
2017-10-20,39.44123,55.12551,43.58607,35.29639,59.55941,50.69162
2017-10-20,37.84346,56.00579,42.34471,33.3422,60.71263,51.29896
2017-10-21,39.44123,55.12551,43.58607,35.29639,59.55941,50.69162
2017-10-21,36.73466,56.97978,40.14734,33.32198,61.64387,52.3157
2017-10-21,37.86096,55.98836,42.36507,33.35685,60.69853,51.27818
2017-10-22,36.73022,56.91251,40.14434,33.3161,61.54598,52.27905
2017-10-22,39.44123,55.12551,43.58607,35.29639,59.55941,50.69162
2017-10-22,37.85255,55.94585,42.3642,33.34089,60.64472,51.24699
2017-10-23,36.40454,57.09264,39.91741,32.89167,61.75982,52.42546
2017-10-23,39.28416,55.52995,43.3776,35.19071,60.00792,51.05198
2017-10-23,37.48936,56.38719,42.06797,32.91075,61.0635,51.71088
2017-10-24,38.9423,55.83633,43.13006,34.75453,60.3097,51.36296
2017-10-24,35.93237,57.62141,39.38079,32.48395,62.24105,53.00177
2017-10-24,37.1561,56.73306,41.78599,32.52621,61.40689,52.05923
2017-10-25,38.67745,56.31491,42.68204,34.67285,60.51158,52.11824
2017-10-25,36.098,57.4499,39.48586,32.71013,62.15436,52.74545
2017-10-25,37.07568,56.91793,41.50466,32.6467,61.44345,52.39241
2017-10-26,39.07314,56.0741,43.17662,34.96965,60.26413,51.88408
2017-10-26,36.19252,57.42849,39.63343,32.75162,62.08479,52.77219
2017-10-26,37.46911,56.71981,42.05527,32.88294,61.22549,52.21413
2017-10-27,36.12577,57.31348,39.48451,32.76704,62.16035,52.4666
2017-10-27,38.7843,56.29276,42.95199,34.6166,60.53031,52.05521
2017-10-27,37.30399,56.69308,41.85652,32.75145,61.30756,52.07861
2017-10-28,38.7843,56.29276,42.95199,34.6166,60.53031,52.05521
2017-10-28,36.12514,57.38434,39.49284,32.75744,62.2604,52.50828
2017-10-28,37.29323,56.74607,41.86818,32.71828,61.39561,52.09653
2017-10-29,38.7843,56.29276,42.95199,34.6166,60.53031,52.05521
2017-10-29,36.28357,57.75093,39.66254,32.9046,62.47608,53.02577
2017-10-29,37.26856,57.08418,41.76267,32.77445,61.68118,52.48719
2017-10-30,36.08981,57.94589,39.60581,32.5738,62.78593,53.10584
2017-10-30,38.96075,56.08945,43.36547,34.55602,60.45528,51.72363
2017-10-30,37.26442,57.09366,42.03175,32.49708,61.82941,52.35792
2017-10-31,36.13458,58.07021,39.5146,32.75456,62.80627,53.33414
2017-10-31,38.73505,56.16645,43.0513,34.4188,60.4187,51.9142
2017-10-31,37.24255,57.15416,41.83614,32.64895,61.77101,52.5373
2017-11-01,39.45043,55.40435,43.836,35.06485,59.82651,50.98219
2017-11-01,36.73897,57.62163,40.30959,33.16835,62.53848,52.70478
2017-11-01,37.75723,56.76285,42.39159,33.12287,61.45495,52.07076
2017-11-02,37.38071,56.87278,41.12535,33.63607,61.39518,52.35038
2017-11-02,39.50467,55.37743,43.86527,35.14406,59.75625,50.99862
2017-11-02,37.97559,56.40167,42.52827,33.4229,60.83871,51.96463
2017-11-03,37.21225,57.17183,40.93717,33.48733,61.87044,52.47322
2017-11-03,38.97559,55.98032,43.54144,34.40973,60.71075,51.24989
2017-11-03,37.8332,56.58921,42.36376,33.30264,61.17087,52.00755
2017-11-04,38.97559,55.98032,43.54144,34.40973,60.71075,51.24989
2017-11-04,37.28839,57.03854,41.04158,33.5352,61.75187,52.32521
2017-11-04,37.88012,56.50428,42.41156,33.34868,61.09159,51.91697
2017-11-05,38.76653,56.29507,43.22218,34.31088,60.87656,51.71358
2017-11-05,37.24062,57.23222,40.8525,33.62873,61.81281,52.65163
2017-11-05,37.78851,56.69604,42.21611,33.3609,61.22639,52.16568
2017-11-06,38.76372,56.23228,43.27574,34.25169,60.76165,51.70292
2017-11-06,37.05696,57.29476,40.61347,33.50045,61.77695,52.81256
2017-11-06,37.69767,56.73272,42.14056,33.25479,61.18445,52.28099
2017-11-07,36.89015,57.34779,40.30651,33.47379,61.59307,53.1025
2017-11-07,38.78378,56.08299,43.07478,34.49278,60.33978,51.8262
2017-11-07,37.55069,56.80687,41.86052,33.24086,61.07893,52.53482
2017-11-08,38.78871,56.07062,42.96696,34.61046,60.23169,51.90955
2017-11-08,36.9847,57.10672,40.33656,33.63285,61.39174,52.8217
2017-11-08,37.58189,56.68189,41.81385,33.34994,60.93145,52.43234
2017-11-09,38.82508,56.00803,43.16136,34.4888,60.37885,51.63721
2017-11-09,36.87565,57.20075,40.35596,33.39534,61.39975,53.00176
2017-11-09,37.65916,56.5921,42.07094,33.24738,60.90161,52.28259
2017-11-10,37.11195,56.54761,40.57419,33.6497,61.41397,51.68124
2017-11-10,38.91225,55.91314,43.31968,34.50483,60.30188,51.52439
2017-11-10,37.85893,56.11641,42.279,33.43886,60.87601,51.3568
2017-11-11,37.19261,56.49899,40.67566,33.70955,61.37941,51.61858
2017-11-11,38.91225,55.91314,43.31968,34.50483,60.30188,51.52439
2017-11-11,37.91284,56.08043,42.33805,33.48764,60.84921,51.31165
2017-11-12,38.91225,55.91314,43.31968,34.50483,60.30188,51.52439
2017-11-12,37.29921,56.3454,40.83548,33.76295,61.25752,51.43328
2017-11-12,37.98497,55.9723,42.4199,33.55003,60.75954,51.18506
2017-11-13,37.26438,56.38675,40.80128,33.72747,61.30583,51.46766
2017-11-13,39.11507,55.69787,43.75508,34.47506,60.18501,51.21073
2017-11-13,38.07273,55.89657,42.68018,33.46527,60.70871,51.08443
2017-11-14,37.54153,56.23203,40.96108,34.12197,61.02762,51.43644
2017-11-14,38.96594,55.51689,43.43122,34.50066,59.64754,51.38624
2017-11-14,38.05358,55.78141,42.36156,33.7456,60.36355,51.19926
2017-11-15,39.02678,55.44995,43.52971,34.52385,59.54884,51.35107
2017-11-15,37.50333,56.09998,41.1248,33.88186,60.62872,51.57123
2017-11-15,38.08255,55.61642,42.49938,33.66573,60.02238,51.21045
2017-11-16,39.17174,55.44165,43.72211,34.62136,59.49014,51.39315
2017-11-16,37.56749,56.05001,41.25379,33.8812,60.54091,51.55912
2017-11-16,38.12582,55.66437,42.58415,33.66749,60.01311,51.31562
2017-11-17,39.28837,55.46194,43.77735,34.7994,59.46125,51.46262
2017-11-17,37.49475,55.80109,41.12764,33.86187,60.26508,51.3371
2017-11-17,38.07958,55.4835,42.49039,33.66876,59.79652,51.17048
2017-11-18,37.66021,55.76469,41.32718,33.99324,60.22801,51.30137
2017-11-18,39.28837,55.46194,43.77735,34.7994,59.46125,51.46262
2017-11-18,38.19148,55.45759,42.61405,33.76891,59.77378,51.1414
2017-11-19,39.22339,55.75001,43.62117,34.82561,59.75269,51.74733
2017-11-19,37.64998,55.8158,41.31887,33.98109,60.27929,51.3523
2017-11-19,38.1493,55.70245,42.56184,33.73676,60.02735,51.37754
2017-11-20,39.11744,55.79084,43.54091,34.69396,59.82341,51.75828
2017-11-20,37.67971,55.82434,41.36098,33.99844,60.27885,51.36983
2017-11-20,38.11539,55.75067,42.51321,33.71758,60.06194,51.43939
2017-11-21,37.27388,56.78977,40.85829,33.68948,61.24873,52.33081
2017-11-21,39.89044,55.191,44.09651,35.68438,59.12326,51.25874
2017-11-21,38.16841,56.02618,42.40234,33.93447,60.28223,51.77013
2017-11-22,37.46259,56.36794,40.92633,33.99884,61.05016,51.68571
2017-11-22,40.0748,54.76105,44.33574,35.81387,58.96188,50.56023
2017-11-22,38.41062,55.54749,42.75452,34.06672,60.09285,51.00213
2017-11-23,40.0748,54.76105,44.33574,35.81387,58.96188,50.56023
2017-11-23,37.49094,56.29383,40.94191,34.03998,60.95646,51.6312
2017-11-23,38.42519,55.50383,42.75566,34.09473,60.03542,50.97224
2017-11-24,37.49094,56.29383,40.94191,34.03998,60.95646,51.6312
2017-11-24,40.0748,54.76105,44.33574,35.81387,58.96188,50.56023
2017-11-24,38.42519,55.50383,42.75566,34.09473,60.03542,50.97224
2017-11-25,40.0748,54.76105,44.33574,35.81387,58.96188,50.56023
2017-11-25,38.44119,55.45301,42.79749,34.08489,60.03166,50.87435
2017-11-25,37.52008,56.21497,40.99286,34.0473,60.93591,51.49404
2017-11-26,40.0748,54.76105,44.33574,35.81387,58.96188,50.56023
2017-11-26,37.45581,56.34441,40.93557,33.97606,61.08575,51.60306
2017-11-26,38.39222,55.54683,42.77029,34.01414,60.15193,50.94173
2017-11-27,37.45752,56.33474,40.94758,33.96746,61.08239,51.58708
2017-11-27,40.05172,54.71221,44.42881,35.67463,58.98969,50.43472
2017-11-27,38.3837,55.51948,42.81887,33.94852,60.09151,50.94745
2017-11-28,39.71597,55.04973,44.08185,35.35008,59.42147,50.67798
2017-11-28,37.3322,56.39901,40.77054,33.89386,61.09468,51.70334
2017-11-28,38.24538,55.60558,42.61953,33.87123,60.14755,51.0636
2017-11-29,37.72719,56.1861,41.0411,34.41329,60.68507,51.68713
2017-11-29,40.27305,54.68724,44.39616,36.14995,58.86496,50.50953
2017-11-29,38.42575,55.55772,42.58271,34.2688,59.93708,51.17836
2017-11-30,40.03595,54.90004,44.06927,36.00263,59.12446,50.67563
2017-11-30,37.37271,56.45746,40.76131,33.98411,61.06138,51.85354
2017-11-30,38.16322,55.75873,42.35735,33.96909,60.2225,51.29496
2017-12-01,40.03389,54.96639,44.08035,35.98742,59.13824,50.79454
2017-12-01,37.08066,56.67411,40.51703,33.64429,61.24419,52.10403
2017-12-01,38.00967,55.9007,42.33422,33.68511,60.35528,51.44611
2017-12-02,36.94333,56.88067,40.54791,33.33874,61.63329,52.12805
2017-12-02,40.03389,54.96639,44.08035,35.98742,59.13824,50.79454
2017-12-02,37.90633,56.05219,42.34116,33.47151,60.66449,51.43988
2017-12-03,36.93871,56.9087,40.54438,33.33304,61.67534,52.14207
2017-12-03,40.03389,54.96639,44.08035,35.98742,59.13824,50.79454
2017-12-03,37.89624,56.08004,42.34225,33.45023,60.71577,51.44431
2017-12-04,39.90506,55.0077,43.90241,35.90772,59.20808,50.80733
2017-12-04,36.96822,56.90294,40.55458,33.38185,61.66179,52.1441
2017-12-04,37.86093,56.09463,42.2491,33.47276,60.70168,51.48758
2017-12-05,37.34743,56.66071,41.00904,33.68581,61.26614,52.05529
2017-12-05,39.69933,54.95476,44.27053,35.12812,58.91797,50.99154
2017-12-05,37.90712,56.05267,42.27509,33.53914,60.41055,51.69479
2017-12-06,37.17609,56.25414,40.67321,33.67897,61.24754,51.26074
2017-12-06,40.18172,54.5077,44.876,35.48743,58.80473,50.21067
2017-12-06,37.84785,55.80183,42.35403,33.34167,60.53749,51.06617
2017-12-07,39.37215,55.45115,44.43501,34.3093,60.17642,50.72587
2017-12-07,36.42162,57.0158,40.21066,32.63258,62.0655,51.96611
2017-12-07,37.27071,56.42054,41.92155,32.61987,61.28671,51.55438
2017-12-08,39.24728,55.49886,44.29839,34.19617,60.23919,50.75853
2017-12-08,36.52957,56.96902,40.34542,32.71372,62.01908,51.91897
2017-12-08,37.28476,56.4149,41.90453,32.66499,61.26764,51.56216
2017-12-09,39.24728,55.49886,44.29839,34.19617,60.23919,50.75853
2017-12-09,36.50823,56.97471,40.32417,32.69229,62.03435,51.91507
2017-12-09,37.26849,56.41706,41.89824,32.63873,61.28215,51.55198
2017-12-10,36.33047,57.33792,40.0551,32.60583,62.36638,52.30947
2017-12-10,39.03798,55.87618,43.97707,34.09888,60.59116,51.16121
2017-12-10,37.12042,56.69955,41.69753,32.54332,61.57387,51.82524
2017-12-11,39.00207,55.85435,43.99907,34.00508,60.61282,51.09588
2017-12-11,36.2524,57.43421,40.00078,32.50401,62.4935,52.37493
2017-12-11,37.07095,56.75324,41.68771,32.4542,61.64172,51.86476
2017-12-12,39.10435,55.95634,43.67833,34.53038,60.43566,51.47703
2017-12-12,35.99963,57.93578,39.58548,32.41379,62.80088,53.07068
2017-12-12,37.17878,57.00034,41.6306,32.72696,61.66032,52.34037
2017-12-13,35.46254,57.3914,39.26604,31.65903,62.29413,52.48867
2017-12-13,38.08359,56.67448,42.82822,33.33895,61.04711,52.30185
2017-12-13,36.66145,56.84941,41.23801,32.08489,61.49991,52.19891
2017-12-14,35.57671,57.35314,39.45999,31.69342,62.21434,52.49194
2017-12-14,38.49307,56.5584,43.12283,33.86332,60.78818,52.32861
2017-12-14,37.07505,56.79411,41.67421,32.47588,61.32002,52.2682
2017-12-15,38.28982,56.81938,42.82446,33.75517,61.05926,52.57949
2017-12-15,34.9917,58.19014,38.85859,31.12481,63.64735,52.73292
2017-12-15,36.45856,57.43106,41.09477,31.82236,62.48951,52.37261
2017-12-16,34.93087,58.28658,38.82144,31.04029,63.78065,52.7925
2017-12-16,38.28982,56.81938,42.82446,33.75517,61.05926,52.57949
2017-12-16,36.40314,57.50006,41.07541,31.73088,62.59423,52.40588
2017-12-17,35.97097,57.98541,40.21576,31.72618,63.31239,52.65843
2017-12-17,38.28982,56.81938,42.82446,33.75517,61.05926,52.57949
2017-12-17,37.00387,57.35746,41.72515,32.28259,62.34027,52.37466
2017-12-18,38.38718,56.61967,43.00181,33.77255,60.90336,52.33598
2017-12-18,36.25013,57.28722,40.72108,31.77917,62.97261,51.60183
2017-12-18,37.21277,56.7984,42.06018,32.36535,62.05048,51.54631
2017-12-19,35.93935,57.91428,40.19051,31.68819,63.36301,52.46555
2017-12-19,38.20256,57.26283,42.58469,33.82044,61.38708,53.13858
2017-12-19,37.10143,57.38179,41.74622,32.45663,62.37889,52.38468
2017-12-20,38.77604,56.78464,43.37341,34.17867,60.9945,52.57477
2017-12-20,35.86745,57.55755,40.16387,31.57104,62.97956,52.13554
2017-12-20,37.20605,56.98474,42.15113,32.26097,61.99156,51.97792
2017-12-21,35.77409,57.88775,39.98901,31.55917,63.29929,52.47622
2017-12-21,38.74059,56.77304,43.34423,34.13694,60.98219,52.5639
2017-12-21,37.0453,57.23926,41.94979,32.1408,62.26624,52.21227
2017-12-22,38.84623,56.60857,43.48132,34.21114,60.82695,52.39019
2017-12-22,35.87907,57.76529,40.07583,31.6823,63.09438,52.43619
2017-12-22,37.14611,57.08867,42.04803,32.24418,62.06757,52.10978
2017-12-23,38.84623,56.60857,43.48132,34.21114,60.82695,52.39019
2017-12-23,36.06482,57.65516,40.29242,31.83723,62.98712,52.3232
2017-12-23,37.25974,57.0198,42.16922,32.35025,62.00357,52.03604
2017-12-24,36.23244,57.44253,40.50846,31.95642,62.80125,52.08381
2017-12-24,38.84623,56.60857,43.48132,34.21114,60.82695,52.39019
2017-12-24,37.3656,56.87848,42.29593,32.43528,61.88215,51.8748
2017-12-25,36.23244,57.44253,40.50846,31.95642,62.80125,52.08381
2017-12-25,38.84623,56.60857,43.48132,34.21114,60.82695,52.39019
2017-12-25,37.3656,56.87848,42.29593,32.43528,61.88215,51.8748
2017-12-26,38.8737,56.64392,43.41353,34.33386,60.78534,52.50251
2017-12-26,36.36728,57.42441,40.52427,32.21029,62.56409,52.28473
2017-12-26,37.38361,56.89546,42.19453,32.57268,61.75955,52.03138
2017-12-27,36.40348,57.36427,40.55858,32.24838,62.49175,52.23679
2017-12-27,39.06779,56.30027,43.80937,34.32621,60.57754,52.02301
2017-12-27,37.53883,56.67389,42.5399,32.53776,61.58022,51.76756
2017-12-28,36.64524,56.9993,40.75099,32.53949,62.23492,51.76368
2017-12-28,39.59424,55.86306,44.46544,34.72304,60.28429,51.44183
2017-12-28,37.73159,56.41101,42.75414,32.70905,61.38774,51.43429
2017-12-29,39.47977,55.76954,44.27288,34.68666,60.13069,51.40839
2017-12-29,37.08881,56.61979,41.29662,32.881,61.70961,51.52996
2017-12-29,37.71204,56.31897,42.62421,32.79987,61.18826,51.44968
2017-12-30,37.12983,56.50421,41.34206,32.9176,61.57931,51.42911
2017-12-30,39.47977,55.76954,44.27288,34.68666,60.13069,51.40839
2017-12-30,37.73003,56.24842,42.64738,32.81269,61.10892,51.38792
2017-12-31,39.47977,55.76954,44.27288,34.68666,60.13069,51.40839
2017-12-31,37.33959,56.36489,41.62288,33.0563,61.42876,51.30103
2017-12-31,37.8654,56.16106,42.80467,32.92613,61.01686,51.30525
2018-01-01,39.47977,55.76954,44.27288,34.68666,60.13069,51.40839
2018-01-01,37.8654,56.16106,42.80467,32.92613,61.01686,51.30525
2018-01-01,37.33959,56.36489,41.62288,33.0563,61.42876,51.30103
2018-01-02,38.12047,55.82487,42.98391,33.25703,60.59271,51.05703
2018-01-02,39.89989,55.2852,44.6306,35.16919,59.59282,50.97758
2018-01-02,37.71881,55.879,42.00691,33.43071,60.83708,50.92091
2018-01-03,40.21217,55.12443,44.87788,35.54647,59.37215,50.8767
2018-01-03,37.76004,55.76106,41.94017,33.5799,60.762,50.76013
2018-01-03,38.16097,55.69035,43.0086,33.31334,60.4595,50.9212
2018-01-04,40.28809,55.00038,45.02804,35.54815,59.29904,50.70172
2018-01-04,38.15102,55.35013,42.57115,33.73088,60.21455,50.4857
2018-01-04,38.47328,55.33284,43.46577,33.48078,60.01302,50.65265
2018-01-05,38.82547,54.96257,43.64261,34.00834,59.63041,50.29473
2018-01-05,38.72204,54.79131,43.11031,34.33376,59.62421,49.95842
2018-01-05,40.64473,54.73632,45.25613,36.03334,58.91682,50.55581
2018-01-06,38.72204,54.79131,43.11031,34.33376,59.62421,49.95842
2018-01-06,38.82547,54.96257,43.64261,34.00834,59.63041,50.29473
2018-01-06,40.64473,54.73632,45.25613,36.03334,58.91682,50.55581
2018-01-07,40.64473,54.73632,45.25613,36.03334,58.91682,50.55581
2018-01-07,38.82547,54.96257,43.64261,34.00834,59.63041,50.29473
2018-01-07,38.72204,54.79131,43.11031,34.33376,59.62421,49.95842
2018-01-08,38.69312,55.00991,43.41864,33.9676,59.66267,50.35715
2018-01-08,38.61844,54.84727,42.97126,34.26562,59.70905,49.98549
2018-01-08,40.48848,54.79395,45.01125,35.96571,58.93571,50.65219
2018-01-09,40.5409,54.79406,45.0532,36.02861,58.93209,50.65604
2018-01-09,38.61844,54.84727,42.97126,34.26562,59.70905,49.98549
2018-01-09,38.73449,55.00918,43.51689,33.95209,59.65797,50.36039
